"input a","input b","pearson_corr","pearson_p"
[-39 -12  -6  58],[-45.         -13.44444444   1.44444444  57.        ],0.9917304874831319,0.008269512516868138
